insert into "cities"        ("city")
values                      ('Los Angeles'), --1
                            ('Downey'), --2
                            ('San Francisco'), --3
                            ('Santa Monica'), --4
                            ('Gentofte'), --5
                            ('La Mesa'), --6
                            ('Jackson'), --7
                            ('Rio de Janeiro'), --8
                            ('Wilrijk'), --9
                            ('Castro Valley'), --10
                            ('Battle Creek'), --11
                            ('Dunkirk'), --12
                            ('Livonia'), --13
                            ('Ann Arbor'), --14
                            ('Munich'), --15
                            ('Washington'), --16
                            ('Bethlehem'), --17
                            ('New York'), --18
                            ('Montreal'), --19
                            ('Ottawa'), --20
                            ('Jacksonville'), --21
                            ('Brooklyn'), --22
                            ('Lakewood'), --23
                            ('London'), --24
                            ('Leytonstone'), --25
                            ('Edmonton'), --26
                            ('Hackney'), --27
                            ('Worksop'), --28
                            ('Hartlepool'), --29
                            ('Chingford'), --30
                            ('East Ham'), --31
                            ('Birmingham'); --32

insert into "states"        ("state")
values                      ('California'), --1
                            ('Capital Region'), --2
                            ('Minnesota'), --3
                            ('Rio de Janeiro'), --4
                            ('Antwerp'), --5
                            ('Michigan'), --6
                            ('New York'), --7
                            ('Bavaria'), --8
                            ('D.C.'), -- 9
                            ('Pennsylvania'), --10
                            ('Quebec'), --11
                            ('Ontario'), --12
                            ('Florida'), --13
                            ('Colorado'), --14
                            ('City of London'), --15
                            ('London'), --16
                            ('East Midlands'), --17
                            ('North East'), --18
                            ('West Midlands'); --19

insert into "countries"     ("country")
values                      ('United States'), --1
                            ('Denmark'), --2
                            ('Brazil'), --3
                            ('Belgium'), --4
                            ('Germany'), --5
                            ('Canada'), --6
                            ('England'); --7

insert into "cityState"     ("cityId", "stateId")
values                      (1, 1),
                            (2, 1),
                            (3, 1),
                            (4, 1),
                            (5, 2),
                            (6, 1),
                            (7, 3),
                            (8, 4),
                            (9, 5),
                            (10, 1),
                            (11, 6),
                            (12, 7),
                            (13, 6),
                            (14, 6),
                            (15, 8),
                            (16, 9),
                            (17, 10),
                            (18, 7),
                            (19, 11),
                            (20, 12),
                            (21, 13),
                            (22, 7),
                            (23, 14),
                            (24, 15),
                            (25, 16),
                            (26, 16),
                            (27, 16),
                            (28, 17),
                            (29, 18),
                            (30, 16),
                            (31, 16),
                            (32, 19);

insert into "stateCountry"  ("stateId", "countryId")
values                      (1, 1),
                            (2, 2),
                            (3, 1),
                            (4, 3),
                            (5, 4),
                            (6, 1),
                            (7, 1),
                            (8, 5),
                            (9, 1),
                            (10, 1),
                            (11, 6),
                            (12, 6),
                            (13, 1),
                            (14, 1),
                            (15, 7),
                            (16, 7),
                            (17, 7),
                            (18, 7),
                            (19, 7);

insert into "bands"         ("bandName", "debutYear", "cityId", "bandGenre", "bandImageUrl")
values                      ('Metallica', '1981', 1, 'Thrash Metal', 'https://consequenceofsound.net/wp-content/uploads/2020/06/Metallica-Zoom.jpg?quality=80'),
                            ('Megadeth', '1983', 1, 'Thrash Metal', 'https://www.udiscovermusic.com/wp-content/uploads/2020/02/Megadeth-2018-press-shot-web-optimised-1000.jpg'),
                            ('Iron Maiden', '1975', 24, 'Heavy Metal', 'https://cdn.mos.cms.futurecdn.net/siHgwBd6RWtMx2jKX8cK9b.jpg');

insert into "albums"        ("albumTitle", "releaseYear", "recordLabel", "albumImageUrl")
values                      ('Kill `Em All', '1983', 'Megaforce Records', 'https://img.discogs.com/vzc_hGUuoEkf9x_83pyyeS5laDk=/fit-in/600x596/filters:strip_icc():format(jpeg):mode_rgb():quality(90)/discogs-images/R-384613-1470347454-4183.jpeg.jpg'),
                            ('Ride the Lightning','1984','Megaforce Records','https://upload.wikimedia.org/wikipedia/en/f/f4/Ridetl.png'),
                            ('Master of Puppets','1986','Elektra Records','https://upload.wikimedia.org/wikipedia/en/b/b2/Metallica_-_Master_of_Puppets_cover.jpg'),
                            ('Killing Is My Business... and Business Is Good!','1985','Combat Records','https://upload.wikimedia.org/wikipedia/en/5/54/Combat_KIMB.jpg'),
                            ('Peace Sells... but Who`s Buying?','1986','Capitol Records','https://upload.wikimedia.org/wikipedia/en/4/40/Megadeth_-_Peace_Sells..._But_Who%27s_Buying-.jpg'),
                            ('So Far, So Good... So What!','1988','Capitol Records','https://upload.wikimedia.org/wikipedia/en/7/7f/Megadeth-SoFar.jpg'),
                            ('Iron Maiden', '1980', 'EMI', 'https://upload.wikimedia.org/wikipedia/en/7/7c/Iron_Maiden_%28album%29_cover.jpg'),
                            ('Killers', '1981', 'EMI', 'https://upload.wikimedia.org/wikipedia/en/b/b4/Iron_Maiden_Killers.jpg'),
                            ('The Number of the Beast', '1982', 'EMI', 'https://upload.wikimedia.org/wikipedia/en/3/32/IronMaiden_NumberOfBeast.jpg'),
                            ('Piece of Mind', '1983', 'EMI', 'https://upload.wikimedia.org/wikipedia/en/8/85/Iron_Maiden_-_Piece_Of_Mind.jpg'),
                            ('Powerslave', '1984', 'EMI', 'https://upload.wikimedia.org/wikipedia/en/1/1c/Iron_Maiden_-_Powerslave.jpg'),
                            ('Somewhere in Time', '1986', 'EMI', 'https://upload.wikimedia.org/wikipedia/en/9/9b/Iron_Maiden_-_Somewhere_in_Time.jpg'),
                            ('Seventh Son of a Seventh Son', '1988', 'EMI', 'https://upload.wikimedia.org/wikipedia/en/c/c0/Iron_Maiden_-_Seventh_Son_Of_A_Seventh_Son.jpg'),
                            ('No Prayer for the Dying', '1990', 'EMI', 'https://upload.wikimedia.org/wikipedia/en/5/5c/IronMaidenNoPrayerForTheDying.jpg'),
                            ('Fear of the Dark', '1992', 'EMI', 'https://upload.wikimedia.org/wikipedia/en/e/eb/Iron_Maiden_-_Fear_Of_The_Dark.jpg'),
                            ('The X Factor', '1995', 'EMI', 'https://upload.wikimedia.org/wikipedia/en/2/21/Iron_Maiden_-_The_X_Factor.jpg'),
                            ('Virtual XI', '1998', 'EMI', 'https://upload.wikimedia.org/wikipedia/en/3/3a/Iron_Maiden_-_Virtual_XI.jpg'),
                            ('Brave New World', '2000', 'EMI', 'https://upload.wikimedia.org/wikipedia/en/0/03/Iron_Maiden_-_Brave_New_World.jpg'),
                            ('Dance of Death', '2003', 'EMI', 'https://upload.wikimedia.org/wikipedia/en/d/de/Iron_Maiden-Dance_of_Death.jpg'),
                            ('A Matter of Life and Death', '2006', 'EMI', 'https://upload.wikimedia.org/wikipedia/en/7/77/Iron_Maiden_-_A_Matter_Of_Life_And_Death.jpg'),
                            ('The Final Frontier', '2010', 'EMI', 'https://upload.wikimedia.org/wikipedia/en/8/86/The_Final_Frontier_cover.jpg'),
                            ('The Book of Souls', '2015', 'Parlophone', 'https://upload.wikimedia.org/wikipedia/en/1/1b/Iron_Maiden_-_The_Book_of_Souls.png');
                            -- ('', '', '', ''),
                            -- ('', '', '', ''),
                            -- ('', '', '', ''),
                            -- ('', '', '', ''),
                            -- ('', '', '', ''),
                            -- ('', '', '', ''),
                            -- ('', '', '', ''),
                            -- ('', '', '', ''),
                            -- ('', '', '', ''),
                            -- ('', '', '', ''),
                            -- ('', '', '', ''),
                            -- ('', '', '', ''),
                            -- ('', '', '', ''),
                            -- ('', '', '', ''),
                            -- ('', '', '', ''),
                            -- ('', '', '', ''),
                            -- ('', '', '', ''),
                            -- ('', '', '', ''),
                            -- ('', '', '', ''),
                            -- ('', '', '', ''),
                            -- ('', '', '', ''),
                            -- ('', '', '', ''),
                            -- ('', '', '', ''),
                            -- ('', '', '', ''),

insert into "musicians"     ("musicianFirstName", "musicianLastName", "cityId", "dob", "musicianImageUrl")
values                      ('James','Hetfield', 2,'August 3, 1963','https://i.pinimg.com/originals/46/26/10/462610b50d7ec520a1fe945f463d0333.jpg'), --1
                            ('Kirk','Hammett', 3,'November 18, 1962','https://townsquare.media/site/366/files/2017/06/Metallica-Metlife-Loudwire-IMG-02.jpg?w=980&q=75'), --2
                            ('Robert','Trujillo', 4,'October 23, 1964','https://upload.wikimedia.org/wikipedia/commons/thumb/6/6f/Robert_Trujillo_2017.jpg/440px-Robert_Trujillo_2017.jpg'), --3
                            ('Lars','Ulrich', 5,'26 December 1963','https://i.pinimg.com/originals/7f/e2/d1/7fe2d10ef02e690b38b3b0bcf785d7d1.jpg'), --4
                            ('Dave','Mustaine', 6,'September 13, 1961','https://i.pinimg.com/originals/9d/f5/79/9df579e269c8b20e26c0d689e1200553.jpg'), --5
                            ('David','Ellefson', 7,'November 12, 1964','https://i.pinimg.com/originals/78/b0/e7/78b0e7d08428a7e47bfd05ff7b34cecf.jpg'), --6
                            ('Kiko','Loureiro', 8,'June 16, 1972','https://upload.wikimedia.org/wikipedia/commons/thumb/8/8e/KikoLoureiro2020.png/440px-KikoLoureiro2020.png'), --7
                            ('Dirk','Verbeuren', 9,'January 8, 1975','https://upload.wikimedia.org/wikipedia/commons/thumb/9/9b/Dirk_Verbeuren.jpg/440px-Dirk_Verbeuren.jpg'), --8
                            ('Ron','McGovney', 1, 'November 2, 1962','https://pbs.twimg.com/media/DNmvNIUUQAAE12K.jpg'), --9
                            ('Cliff','Burton', 10, 'February 10, 1962','https://i.pinimg.com/originals/91/f6/47/91f6470537eda90bb198a1341946c392.jpg'), --10
                            ('Jason','Newsted', 11, 'March 4, 1963','https://i.pinimg.com/originals/49/4a/05/494a053405741c900e5b61d991f99265.jpg'), --11
                            ('Gar','Samuelson', 12, 'February 18, 1958','https://i.pinimg.com/originals/bc/37/22/bc3722ab733d5198b7d4fec1ad8adf47.jpg'), --12
                            ('Chris','Poland', 12, 'December 1, 1957','https://lastfm.freetls.fastly.net/i/u/770x0/58763eeddefea437033c71f247f1c2d9.jpg'), --13
                            ('Chuck','Behler', 13, 'June 13, 1965','https://upload.wikimedia.org/wikipedia/mk/d/da/Chuck_behler.jpg'), --14
                            ('Jeff','Young', 14, 'March 31, 1962','https://i.redd.it/phcwerwmrdp21.jpg'), --15
                            ('Nick','Menza', 15, 'July 23, 1964','https://64.media.tumblr.com/d24cc306df3475cd5ef0c058e5d121b7/c1094dac51243860-34/s640x960/4d31832b8e1053de38eb928a364d68f919f0addf.jpg'), --16
                            ('Marty','Friedman', 16, 'December 8, 1962','https://upload.wikimedia.org/wikipedia/commons/thumb/9/99/Marty_Friedman_in_Tokyo--2009-03.jpg/440px-Marty_Friedman_in_Tokyo--2009-03.jpg'), --17
                            ('Jimmy','DeGrasso', 17, 'March 16, 1963','https://www.innovativepercussion.com/docs/document_selector/images/atw2yzgr.jpg'), --18
                            ('Al','Pitrelli', 18, 'September 26, 1962','https://nafme.org/wp-content/uploads/2019/12/Al-Pitrelli-image-2.jpg'), --19
                            ('Shawn', 'Drover', 19, 'May 5, 1966', 'https://www.metal-archives.com/images/2/2/3/223_artist.jpg?4118'), --20
                            ('Glen','Drover', 20,'May 25, 1969','https://upload.wikimedia.org/wikipedia/commons/thumb/0/07/Glen_Drover_performing_in_Dubai_with_Megadeth_2005.jpg/440px-Glen_Drover_performing_in_Dubai_with_Megadeth_2005.jpg'), --21
                            ('James','MacDonough', 21,'April 3, 1970','http://img.over-blog-kiwi.com/0/93/85/50/20150331/ob_3d1296_james-macdonough-megadeth-03.jpg'), --22
                            ('James','LoMenzo', 22,'January 13, 1959','https://upload.wikimedia.org/wikipedia/commons/thumb/f/f9/Metalmania_2008_Megadeth_James_LoMenzo_02.jpg/1200px-Metalmania_2008_Megadeth_James_LoMenzo_02.jpg'), --23
                            ('Chris','Broderick', 23,'March 6, 1970','https://i.pinimg.com/originals/0f/13/3c/0f133ca5ff8213aea4cf773d7d8ff38d.jpg'), --24
                            ('Chris','Adler', 16,'November 23, 1972','https://upload.wikimedia.org/wikipedia/commons/thumb/4/44/2015_RiP_Lamb_of_God_-_Chris_Adler_by_2eight_-_3SC5483.jpg/440px-2015_RiP_Lamb_of_God_-_Chris_Adler_by_2eight_-_3SC5483.jpg'), --25
                            ('Steve','Harris', 25, 'March 12, 1956','https://i.imgur.com/97zjFdy.jpg'), --26
                            ('Dave','Murray', 26,'December 23, 1956','https://upload.wikimedia.org/wikipedia/commons/9/94/Davemurray.jpg'), --27
                            ('Adrian', 'Smith', 27, 'February 27, 1957', 'https://thehande.files.wordpress.com/2015/08/adrian-smith.jpg'), --28
                            ('Bruce', 'Dickinson', 28, 'August 7, 1958', 'https://i.pinimg.com/originals/8f/1d/df/8f1ddfd1ff4bc3d2f9f07fdb60cf2ca6.jpg'), --29
                            ('Nicko', 'McBrain', 27, 'June 5, 1952', 'https://upload.wikimedia.org/wikipedia/commons/a/a9/Nicko_McBrain_2.jpg'), --30
                            ('Janick', 'Gers', 29, 'January 27, 1957', 'https://www.metal-archives.com/images/1/1/9/119_artist.jpg?2159'), --31
                            ('Paul', 'Di`Anno', 30, 'May 17, 1958', 'https://i.pinimg.com/736x/18/db/fd/18dbfdabea8bb7c123fc2ffd6f447011--vintage-rock-paul-dianno.jpg'), --32
                            ('Clive', 'Burr', 31, 'March 8, 1957', 'https://townsquare.media/site/295/files/2013/03/Clive-Burr.jpg?w=980&q=75'), --33
                            ('Blaze', 'Bayley', 32, 'May 29, 1963', 'http://www.getreadytorock.com/reviews2008/blaze_bayley_gig08a.jpg'), --34
                            ('Dennis', 'Stratton', 24, 'October 9, 1952', 'http://3.bp.blogspot.com/-x5mNM1jHF_s/T-jMkUa4ioI/AAAAAAAAAlk/1g80NSPZPcg/s1600/dennis+live75.jpg'); --35

insert into "discography"   ("bandId", "albumId")
values                      (1, 1),
                            (1, 2),
                            (1, 3),
                            (2, 4),
                            (2, 5),
                            (2, 6),
                            (3, 7),
                            (3, 8),
                            (3, 9),
                            (3, 10),
                            (3, 11),
                            (3, 12),
                            (3, 13),
                            (3, 14),
                            (3, 15),
                            (3, 16),
                            (3, 17),
                            (3, 18),
                            (3, 19),
                            (3, 20),
                            (3, 21),
                            (3, 22);
                            -- (, ),
                            -- (, ),
                            -- (, ),
                            -- (, ),
                            -- (, ),
                            -- (, ),
                            -- (, ),
                            -- (, ),
                            -- (, ),
                            -- (, ),
                            -- (, ),
                            -- (, ),
                            -- (, ),
                            -- (, ),
                            -- (, ),
                            -- (, ),
                            -- (, ),
                            -- (, ),
                            -- (, ),
                            -- (, ),
                            -- (, ),
                            -- (, ),

insert into "members"       ("bandId", "musicianId", "current")
values                      (1, 1, true),
                            (1, 2, true),
                            (1, 3, true),
                            (1, 4, true),
                            (1, 5, false),
                            (2, 5, true),
                            (2, 6, true),
                            (2, 7, true),
                            (2, 8, true),
                            (1, 9, false),
                            (1, 10, false),
                            (1, 11, false),
                            (2, 12, false),
                            (2, 13, false),
                            (2, 14, false),
                            (2, 15, false),
                            (2, 16, false),
                            (2, 17, false),
                            (2, 18, false),
                            (2, 19, false),
                            (2, 20, false),
                            (2, 21, false),
                            (2, 22, false),
                            (2, 23, false),
                            (2, 24, false),
                            (2, 25, false),
                            (3, 26, true),
                            (3, 27, true),
                            (3, 28, true),
                            (3, 29, true),
                            (3, 30, true),
                            (3, 31, true),
                            (3, 32, false),
                            (3, 33, false),
                            (3, 34, false),
                            (3, 35, false);

insert into "videos"        ("bandId", "videoUrl")
values                      (1, 'CD-E-LDc384'),
                            (1, 'iT6vqeL-ysI'),
                            (1, 'dHUHxTiPFUU'),
                            (2, '9d4ui9q7eDM'),
                            (2, 'aU-dKoFZT0A'),
                            (2, 'rUGIocJK9Tc'),
                            (3, 'Xg9aQvjMS60'),
                            (3, 'p4w2BZXL6Ss'),
                            (3, 'WxnN05vOuSM');

insert into "carouselImages"("bandId","bandCarouselImageUrl")
values                      (1, 'https://consequenceofsound.net/wp-content/uploads/2020/06/Metallica-Zoom.jpg?quality=80'),
                            (1, 'https://pyxis.nymag.com/v1/imgs/230/936/cf8ba87fc19c621e6c915e6e99900adbb3-metallica-superlative.2x.rsocial.w600.jpg'),
                            (1, 'https://www.rollingstone.com/wp-content/uploads/2018/06/metallica-master-of-puppets-1986-f363473b-0ebc-4678-8fc6-5bb871d28c3d.jpg?resize=1800,1200&w=450'),
                            (2, 'https://www.udiscovermusic.com/wp-content/uploads/2020/02/Megadeth-2018-press-shot-web-optimised-1000.jpg'),
                            (2, 'https://megadeth.com/wp-content/themes/megadeth/assets/images/2017_0216_10330_5753.jpeg'),
                            (2, 'https://specials-images.forbesimg.com/imageserve/5f57ad29b488eaeabd9364e8/960x0.jpg?fit=scale'),
                            (3, 'https://cdn.mos.cms.futurecdn.net/siHgwBd6RWtMx2jKX8cK9b.jpg'),
                            (3, 'https://list.lisimg.com/image/283947/500full.jpg'),
                            (3, 'https://static.billboard.com/files/media/iron-maiden-1988-billboard-1548-768x433.jpg');

insert into "personnel"     ("musicianId", "albumId")
values                      (1, 1),
                            (2, 1),
                            (4, 1),
                            (10, 1),
                            (1, 2),
                            (2, 2),
                            (4, 2),
                            (10, 2),
                            (1, 3),
                            (2, 3),
                            (4, 3),
                            (10, 3),
                            (5, 4),
                            (6, 4),
                            (12, 4),
                            (13, 4),
                            (5, 5),
                            (6, 5),
                            (12, 5),
                            (13, 5),
                            (5, 6),
                            (6, 6),
                            (14, 6),
                            (15, 6),
                            (26, 7),
                            (27, 7),
                            (32, 7),
                            (33, 7),
                            (35, 7),
                            (26, 8),
                            (27, 8),
                            (32, 8),
                            (33, 8),
                            (28, 8),
                            (26, 9),
                            (27, 9),
                            (28, 9),
                            (29, 9),
                            (33, 9),
                            (26, 10),
                            (27, 10),
                            (28, 10),
                            (29, 10),
                            (30, 10),
                            (26, 11),
                            (27, 11),
                            (28, 11),
                            (29, 11),
                            (30, 11),
                            (26, 12),
                            (27, 12),
                            (28, 12),
                            (29, 12),
                            (30, 12),
                            (26, 13),
                            (27, 13),
                            (28, 13),
                            (29, 13),
                            (30, 13),
                            (26, 14),
                            (27, 14),
                            (29, 14),
                            (30, 14),
                            (31, 14),
                            (26, 15),
                            (27, 15),
                            (29, 15),
                            (30, 15),
                            (31, 15),
                            (26, 16),
                            (27, 16),
                            (30, 16),
                            (31, 16),
                            (34, 16),
                            (26, 17),
                            (27, 17),
                            (30, 17),
                            (31, 17),
                            (34, 17),
                            (26, 18),
                            (27, 18),
                            (28, 18),
                            (29, 18),
                            (30, 18),
                            (31, 18),
                            (26, 19),
                            (27, 19),
                            (28, 19),
                            (29, 19),
                            (30, 19),
                            (31, 19),
                            (26, 20),
                            (27, 20),
                            (28, 20),
                            (29, 20),
                            (30, 20),
                            (31, 20),
                            (26, 21),
                            (27, 21),
                            (28, 21),
                            (29, 21),
                            (30, 21),
                            (31, 21),
                            (26, 22),
                            (27, 22),
                            (28, 22),
                            (29, 22),
                            (30, 22),
                            (31, 22);
                            -- (, ),
                            -- (, ),
                            -- (, ),
                            -- (, ),
                            -- (, ),
                            -- (, ),
                            -- (, ),
                            -- (, ),
                            -- (, ),
                            -- (, ),
                            -- (, ),
                            -- (, ),
                            -- (, ),
                            -- (, ),
                            -- (, ),
                            -- (, ),
                            -- (, ),


insert into "genres"        ("genre")
values                      ('Thrash Metal'),
                            ('Heavy Metal');

insert into "albumGenre"    ("albumId","genreId")
values                      (1, 1),
                            (2, 1),
                            (3, 1),
                            (4, 1),
                            (5, 1),
                            (6, 1),
                            (7, 2),
                            (8, 2),
                            (9, 2),
                            (10, 2),
                            (11, 2),
                            (12, 2),
                            (13, 2),
                            (14, 2),
                            (15, 2),
                            (16, 2),
                            (17, 2),
                            (18, 2),
                            (19, 2),
                            (20, 2),
                            (21, 2),
                            (22, 2);
                            -- (, ),
                            -- (, ),
                            -- (, ),
                            -- (, ),
                            -- (, ),
                            -- (, ),
                            -- (, ),
                            -- (, ),
                            -- (, ),
                            -- (, ),
                            -- (, ),
                            -- (, ),
                            -- (, ),
                            -- (, ),
                            -- (, ),
                            -- (, ),

insert into "tracks"        ("albumId", "trackNo", "track", "length")
values                      (1, 1, 'Hit the Lights', '4:17'),
                            (1, 2, 'The Four Horsemen', '7:13'),
                            (1, 3, 'Motorbreath', '3:08'),
                            (1, 4, 'Jump in the Fire', '4:42'),
                            (1, 5, '(Anesthesia)—Pulling Teeth', '4:15'),
                            (1, 6, 'Whiplash', '4:09'),
                            (1, 7, 'Phantom Lord', '5:02'),
                            (1, 8, 'No Remorse', '6:27'),
                            (1, 9, 'Seek & Destroy', '6:56'),
                            (1, 10, 'Metal Militia', '5:11'),
                            (2, 1, 'Fight Fire with Fire', '4:44'),
                            (2, 2, 'Ride the Lightning', '6:36'),
                            (2, 3, 'For Whom the Bell Tolls', '5:10'),
                            (2, 4, 'Fade to Black', '6:55'),
                            (2, 5, 'Trapped Under Ice', '4:05'),
                            (2, 6, 'Escape', '4:24'),
                            (2, 7, 'Creeping Death', '6:35'),
                            (2, 8, 'The Call of Ktulu', '8:53'),
                            (3, 1, 'Battery', '5:13'),
                            (3, 2, 'Master of Puppets', '8:36'),
                            (3, 3, 'The Thing That Should Not Be', '6:36'),
                            (3, 4, 'Welcome Home (Sanitarium)', '6:27'),
                            (3, 5, 'Disposable Heroes', '8:17'),
                            (3, 5, 'Leper Messiah', '5:40'),
                            (3, 6, 'Orion', '8:27'),
                            (3, 7, 'Damage, Inc.', '5:32'),
                            (4, 1, 'Last Rites/Loved to Death', '4:38'),
                            (4, 2, 'Killing Is My Business... and Business Is Good!', '3:05'),
                            (4, 3, 'The Skull Beneath the Skin', '3:46'),
                            (4, 4, 'These Boots', '3:44'),
                            (4, 5, 'Rattlehead', '3:42'),
                            (4, 6, 'Chosen Ones', '2:54'),
                            (4, 7, 'Looking Down the Cross', '5:01'),
                            (4, 8, 'Mechanix', '4:20'),
                            (5, 1, 'Wake Up Dead', '3:40'),
                            (5, 2, 'The Conjuring', '5:04'),
                            (5, 3, 'Peace Sells', '4:04'),
                            (5, 4, 'Devils Island', '5:05'),
                            (5, 5, 'Good Mourning/Black Friday', '6:41'),
                            (5, 6, 'Bad Omen', '4:05'),
                            (5, 7, 'I Ain`t Superstitious', '2:46'),
                            (5, 8, 'My Last Words', '4:57'),
                            (6, 1, 'Into the Lungs of Hell', '3:29'),
                            (6, 2, 'Set the World Afire', '5:48'),
                            (6, 3, 'Anarchy in the U.K.', '3:00'),
                            (6, 4, 'Mary Jane', '4:25'),
                            (6, 5, '502', '3:28'),
                            (6, 6, 'In My Darkest Hour', '6:16'),
                            (6, 7, 'Liar', '3:20'),
                            (6, 8, 'Hook in Mouth', '4:40'),
                            (7, 1, 'Prowler', '3:56'),
                            (7, 2, 'Remember Tomorrow', '5:30'),
                            (7, 3, 'Running Free', '3:22'),
                            (7, 4, 'Phantom of the Opera', '7:02'),
                            (7, 5, 'Transylvania', '4:09'),
                            (7, 6, 'Strange World', '5:43'),
                            (7, 7, 'Charlotte the Harlot', '4:14'),
                            (7, 8, 'Iron Maiden', '3:43'),
                            (8, 1, 'The Ides of March', '1:48'),
                            (8, 2, 'Wrathchild', '2:54'),
                            (8, 3, 'Murders in the Rue Morgue', '4:14'),
                            (8, 4, 'Another Life', '3:22'),
                            (8, 5, 'Genghis Khan', '3:02'),
                            (8, 6, 'Innocent Exile', '3:50'),
                            (8, 7, 'Killers', '4:58'),
                            (8, 8, 'Prodigal Son', '6:05'),
                            (8, 9, 'Purgatory', '3:18'),
                            (8, 10, 'Drifter', '4:47'),
                            (9, 1, 'Invaders', '3:20'),
                            (9, 2, 'Children of the Damned', '4:34'),
                            (9, 3, 'The Prisoner', '5:34'),
                            (9, 4, '22 Acacia Avenue', '6:34'),
                            (9, 5, 'The Number of the Beast', '4:25'),
                            (9, 6, 'Run to the Hills', '3:50'),
                            (9, 7, 'Gangland', '3:46'),
                            (9, 8, 'Hallowed Be Thy Name', '7:08'),
                            (10, 1, 'Where Eagles Dare', '6:08'),
                            (10, 2, 'Revelations', '6:51'),
                            (10, 3, 'Flight of Icarus', '3:49'),
                            (10, 4, 'Die with Your Boots On', '5:22'),
                            (10, 5, 'The Trooper', '4:10'),
                            (10, 6, 'Still Life', '4:37'),
                            (10, 7, 'Quest for Fire', '3:40'),
                            (10, 8, 'Sun and Steel', '3:25'),
                            (10, 9, 'To Tame a Land', '7:26'),
                            (11, 1, 'Aces High', '4:31'),
                            (11, 2, '2 Minutes to Midnight', '6:04'),
                            (11, 3, 'Losfer Words (Big &apos;Orra)', '4:15'),
                            (11, 4, 'Flash of the Blade', '4:05'),
                            (11, 5, 'The Duellists', '6:18'),
                            (11, 6, 'Back in the Village', '5:02'),
                            (11, 7, 'Powerslave', '7:12'),
                            (11, 8, 'Rime of the Ancient Mariner', '13:45'),
                            (12, 1, 'Caught Somewhere in Time', '7:22'),
                            (12, 2, 'Wasted Years', '5:06'),
                            (12, 3, 'Sea of Madness', '5:42'),
                            (12, 4, 'Heaven Can Wait', '7:24'),
                            (12, 5, 'The Loneliness of the Long Distance Runner', '6:31'),
                            (12, 6, 'Stranger in a Strange Land', '5:43'),
                            (12, 7, 'Deja-Vu', '4:55'),
                            (12, 8, 'Alexander the Great', '8:35'),
                            (13, 1, 'Moonchild', '5:38'),
                            (13, 2, 'Infinite Dreams', '6:08'),
                            (13, 3, 'Can I Play with Madness', '3:30'),
                            (13, 4, 'The Evil That Men Do', '4:33'),
                            (13, 5, 'Seventh Son of a Seventh Son', '9:52'),
                            (13, 6, 'The Prophecy', '5:04'),
                            (13, 7, 'The Clairvoyant', '4:26'),
                            (13, 8, 'Only the Good Die Young', '4:40'),
                            (14, 1, 'Tailgunner', '4:13'),
                            (14, 2, 'Holy Smoke', '3:47'),
                            (14, 3, 'No Prayer for the Dying', '4:22'),
                            (14, 4, 'Public Enema Number One', '4:03'),
                            (14, 5, 'Fates Warning', '4:09'),
                            (14, 6, 'The Assassin', '4:16'),
                            (14, 7, 'Run Silent Run Deep', '4:34'),
                            (14, 8, 'Hooks in You', '4:06'),
                            (14, 9, 'Bring Your Daughter... to the Slaughter', '4:42'),
                            (14, 10, 'Mother Russia', '5:30'),
                            (15, 1, 'Be Quick or Be Dead', '3:21'),
                            (15, 2, 'From Here to Eternity', '3:35'),
                            (15, 3, 'Afraid to Shoot Strangers', '6:52'),
                            (15, 4, 'Fear Is the Key', '5:30'),
                            (15, 5, 'Childhood`s End', '4:37'),
                            (15, 6, 'Wasting Love', '5:46'),
                            (15, 7, 'The Fugitive', '4:52'),
                            (15, 8, 'Chains of Misery', '3:33'),
                            (15, 9, 'The Apparition', '3:53'),
                            (15, 10, 'Judas Be My Guide', '3:06'),
                            (15, 11, 'Weekend Warrior', '5:37'),
                            (15, 12, 'Fear of the Dark', '7:16'),
                            (16, 1, 'Sign of the Cross', '11:16'),
                            (16, 2, 'Lord of the Flies', '5:02'),
                            (16, 3, 'Man on the Edge', '4:10'),
                            (16, 4, 'Fortunes of War', '7:25'),
                            (16, 5, 'Look for the Truth', '5:10'),
                            (16, 6, 'The Aftermath', '6:20'),
                            (16, 7, 'Judgement of Heaven', '5:10'),
                            (16, 8, 'Blood on the World`s Hands', '6:00'),
                            (16, 9, 'The Edge of Darkness', '6:39'),
                            (16, 10, '2 A.M.', '5:37'),
                            (16, 11, 'The Unbeliever', '8:05'),
                            (17, 1, 'Futureal', '3:00'),
                            (17, 2, 'The Angel and the Gambler', '9:51'),
                            (17, 3, 'Lightning Strikes Twice', '4:49'),
                            (17, 4, 'The Clansman', '9:06'),
                            (17, 5, 'When Two Worlds Collide', '6:13'),
                            (17, 6, 'The Educated Fool', '6:46'),
                            (17, 7, 'Don`t Look to the Eyes of a Stranger', '8:11'),
                            (17, 8, 'Como Estais Amigos', '5:26'),
                            (18, 1, 'The Wicker Man', '4:35'),
                            (18, 2, 'Ghost of the Navigator', '6:50'),
                            (18, 3, 'Brave New World', '6:18'),
                            (18, 4, 'Blood Brothers', '7:14'),
                            (18, 5, 'The Mercenary', '4:42'),
                            (18, 6, 'Dream of Mirrors', '9:21'),
                            (18, 7, 'The Fallen Angel', '4:00'),
                            (18, 8, 'The Nomad', '9:06'),
                            (18, 9, 'Out of the Silent Planet', '6:25'),
                            (18, 10, 'The Thin Line Between Love and Hate', '8:26'),
                            (19, 1, 'Wildest Dreams', '3:52'),
                            (19, 2, 'Rainmaker', '3:48'),
                            (19, 3, 'No More Lies', '7:21'),
                            (19, 4, 'Montségur', '5:50'),
                            (19, 5, 'Dance of Death', '8:36'),
                            (19, 6, 'Gates of Tomorrow', '5:12'),
                            (19, 7, 'New Frontier', '5:04'),
                            (19, 8, 'Paschendale', '8:27'),
                            (19, 9, 'Face in the Sand', '6:31'),
                            (19, 10, 'Age of Innocence', '6:10'),
                            (19, 11, 'Journeyman', '7:06'),
                            (20, 1, 'Different World', '4:17'),
                            (20, 2, 'These Colours Don`t Run', '6:52'),
                            (20, 3, 'Brighter Than a Thousand Suns', '8:44'),
                            (20, 4, 'The Pilgrim', '5:07'),
                            (20, 5, 'The Longest Day', '7:48'),
                            (20, 6, 'Out of the Shadows', '5:36'),
                            (20, 7, 'The Reincarnation of Benjamin Breeg', '7:21'),
                            (20, 8, 'For the Greater Good of God', '9:23'),
                            (20, 9, 'Lord of Light', '7:25'),
                            (20, 10, 'The Legacy', '9:20'),
                            (21, 1, 'Satellite 15... The Final Frontier', '8:40'),
                            (21, 2, 'El Dorado', '6:49'),
                            (21, 3, 'Mother of Mercy', '5:20'),
                            (21, 4, 'Coming Home', '5:52'),
                            (21, 5, 'The Alchemist', '4:29'),
                            (21, 6, 'Isle of Avalon', '9:06'),
                            (21, 7, 'Starblind', '7:48'),
                            (21, 8, 'The Talisman', '9:03'),
                            (21, 9, 'The Man Who Would Be King', '8:28'),
                            (21, 10, 'When the Wild Wind Blows', '10:59'),
                            (22, 1, 'If Eternity Should Fail', '8:28'),
                            (22, 2, 'Speed of Light', '5:01'),
                            (22, 3, 'The Great Unknown', '6:37'),
                            (22, 4, 'The Red and the Black', '13:33'),
                            (22, 5, 'When the River Runs Deep', '5:52'),
                            (22, 6, 'The Book of Souls', '10:27'),
                            (22, 7, 'Death or Glory', '5:13'),
                            (22, 8, 'Shadows of the Valley', '7:32'),
                            (22, 9, 'Tears of a Clown', '4:59'),
                            (22, 10, 'The Man of Sorrows', '6:28'),
                            (22, 11, 'Empire of the Clouds', '18:01');
                            -- (, , '', ''),
                            -- (, , '', ''),
                            -- (, , '', ''),
                            -- (, , '', ''),
                            -- (, , '', ''),
                            -- (, , '', ''),
                            -- (, , '', ''),
                            -- (, , '', ''),
                            -- (, , '', ''),
                            -- (, , '', ''),
                            -- (, , '', ''),
                            -- (, , '', ''),
                            -- (, , '', ''),
                            -- (, , '', ''),
                            -- (, , '', ''),
                            -- (, , '', ''),
                            -- (, , '', ''),
                            -- (, , '', ''),
                            -- (, , '', ''),
                            -- (, , '', ''),
                            -- (, , '', ''),
                            -- (, , '', ''),
                            -- (, , '', ''),
                            -- (, , '', ''),
                            -- (, , '', ''),
                            -- (, , '', ''),
                            -- (, , '', ''),
                            -- (, , '', ''),
                            -- (, , '', ''),
                            -- (, , '', ''),
                            -- (, , '', ''),
                            -- (, , '', ''),
